fold,train_r2,val_r2,train_spearman,val_spearman,train_rmse,val_rmse,train_mae,val_mae,val_size,train_size
1,0.9024751350956731,0.36222937321362303,0.9670779317943764,0.5809091645733734,0.06026603513329997,0.14330011107813023,0.038352125257611475,0.10275976694309238,42,164
2,0.9061414841487332,0.5837110234962428,0.9715571821654692,0.7479094076655053,0.05823993986878903,0.12600077490299003,0.03671875585884017,0.09905312706232838,41,165
3,0.9057715927865807,0.39324780159526174,0.9756337990543105,0.6222996515679444,0.057544766488912935,0.15833331928009353,0.03504340477105039,0.12433249471411115,41,165
4,0.919515384356555,0.5079007895957122,0.9752036972724603,0.6782229965156795,0.05400799627989166,0.1358082513404883,0.03694671829846385,0.09077610537809165,41,165
5,0.9068473569710978,0.4998382645655475,0.9750380680148534,0.7210801393728226,0.059452402091288506,0.12406936849293251,0.03752672818620352,0.09440900278886831,41,165
