fold,train_r2,val_r2,train_spearman,val_spearman,train_rmse,val_rmse,train_mae,val_mae,val_size,train_size
1,0.9057657895789923,0.5669733809664783,0.9731135395949944,0.70668016194332,0.06839772594535845,0.12285437955661156,0.043083581050605696,0.10245832896056492,39,152
2,0.8988275662817006,0.42104748925281854,0.9808143353034993,0.6691104059525113,0.06704127215296372,0.17414186213315183,0.040728300196592064,0.13396421290879923,38,153
3,0.9289755965747606,0.2016178729897068,0.973044241620093,0.6014881278039172,0.05407326134669139,0.2370787760263374,0.037165323698284264,0.16116684751040644,38,153
4,0.9022909619103101,0.5066364715217693,0.9758219077104525,0.6561987088302879,0.07027488082154018,0.12194081998580514,0.04418509240214126,0.09033938467910396,38,153
5,0.9055573145527063,0.4718458300833286,0.9793233082706766,0.6465696465696466,0.06779916525171199,0.14476306841761277,0.04189861567565256,0.10642905970113473,38,153
